True label,Predicted Label
Manufacturer,Manufacturer
Manufacturer,Executive Chef
Data Scientist,Data Scientist
Superintendent,Teacher
Software Engineer,Software Engineer
Data Scientist,Campaigner
Data Scientist,Campaigner
School Principal,Data Scientist
Executive Chef,Executive Chef
Agent,Agent
Executive Chef,Executive Chef
Executive Chef,Executive Chef
Manufacturer,Manufacturer
Teacher,Software Engineer
Data Scientist,Data Scientist
Manufacturer,Manufacturer
Campaigner,Campaigner
Data Scientist,Data Scientist
School Principal,School Principal
Athletics Director,Athletics Director
Campaigner,Teacher
School Principal,School Principal
Agent,Athletics Director
Campaigner,Teacher
School Principal,Athletics Director
Agent,Agent
Campaigner,Campaigner
Manufacturer,Manufacturer
Executive Chef,Executive Chef
Software Engineer,Software Engineer
Campaigner,Campaigner
Campaigner,Data Scientist
Agent,Agent
Data Scientist,Campaigner
Agent,Software Engineer
School Principal,School Principal
Executive Chef,Executive Chef
Athletics Director,Athletics Director
Superintendent,Campaigner
School Principal,Superintendent
Teacher,Superintendent
Manufacturer,Superintendent
Superintendent,Superintendent
Executive Chef,Manufacturer
School Principal,School Principal
Software Engineer,Teacher
Athletics Director,Athletics Director
Athletics Director,Athletics Director
School Principal,Manufacturer
Campaigner,Agent
Campaigner,Campaigner
Executive Chef,Executive Chef
Campaigner,Manufacturer
Teacher,Superintendent
Data Scientist,Data Scientist
Superintendent,Manufacturer
Executive Chef,Executive Chef
Superintendent,School Principal
Agent,Agent
Campaigner,Software Engineer
Data Scientist,Data Scientist
Teacher,Software Engineer
Executive Chef,Executive Chef
Athletics Director,Athletics Director
Agent,Software Engineer
Athletics Director,Athletics Director
Manufacturer,Agent
Software Engineer,Software Engineer
Agent,Agent
Manufacturer,Athletics Director
Teacher,Teacher
Manufacturer,Manufacturer
Manufacturer,Manufacturer
Agent,Agent
Manufacturer,Agent
Executive Chef,Executive Chef
Athletics Director,Athletics Director
Agent,Executive Chef
Campaigner,Campaigner
Software Engineer,Software Engineer
Superintendent,School Principal
Software Engineer,Campaigner
Athletics Director,Athletics Director
Campaigner,Campaigner
Software Engineer,Software Engineer
Software Engineer,Software Engineer
Campaigner,Agent
Superintendent,Superintendent
Data Scientist,Data Scientist
School Principal,School Principal
Manufacturer,Manufacturer
Teacher,Manufacturer
Software Engineer,Software Engineer
Executive Chef,Superintendent
Manufacturer,Manufacturer
Campaigner,Campaigner
Agent,Campaigner
Software Engineer,Software Engineer
Software Engineer,Software Engineer
Teacher,Agent
Teacher,Campaigner
School Principal,Executive Chef
Athletics Director,Athletics Director
Software Engineer,Executive Chef
Executive Chef,School Principal
Teacher,Executive Chef
Athletics Director,School Principal
School Principal,School Principal
Manufacturer,Manufacturer
Campaigner,Campaigner
School Principal,Superintendent
Software Engineer,Teacher
Athletics Director,Executive Chef
Teacher,Superintendent
Campaigner,Campaigner
Superintendent,Athletics Director
Superintendent,Superintendent
Agent,Agent
Campaigner,Campaigner
Athletics Director,Athletics Director
Superintendent,Data Scientist
Executive Chef,Data Scientist
Superintendent,School Principal
Data Scientist,Data Scientist
Teacher,Data Scientist
Executive Chef,Executive Chef
Executive Chef,Executive Chef
Campaigner,Campaigner
Manufacturer,Manufacturer
Manufacturer,Manufacturer
Superintendent,School Principal
Campaigner,Campaigner
Teacher,Data Scientist
Manufacturer,Manufacturer
Manufacturer,Manufacturer
Data Scientist,Data Scientist
Teacher,School Principal
Agent,Agent
Software Engineer,Manufacturer
Data Scientist,Teacher
Manufacturer,Manufacturer
Manufacturer,Manufacturer
School Principal,School Principal
Executive Chef,Executive Chef
Agent,Agent
Teacher,Teacher
Athletics Director,Athletics Director
Executive Chef,Executive Chef
Manufacturer,Manufacturer
Teacher,Teacher
Campaigner,Data Scientist
Athletics Director,Athletics Director
Software Engineer,Superintendent
Data Scientist,Data Scientist
Athletics Director,Athletics Director
Software Engineer,Agent
Data Scientist,Data Scientist
Software Engineer,Executive Chef
Manufacturer,Manufacturer
Superintendent,School Principal
Teacher,Software Engineer
Superintendent,Teacher
Data Scientist,Manufacturer
Data Scientist,Data Scientist
Campaigner,Data Scientist
Athletics Director,Athletics Director
Executive Chef,Data Scientist
Athletics Director,Software Engineer
Executive Chef,Software Engineer
Teacher,Data Scientist
School Principal,School Principal
School Principal,School Principal
Agent,Agent
Agent,Agent
Campaigner,Data Scientist
Software Engineer,Teacher
Teacher,Superintendent
Superintendent,Athletics Director
Data Scientist,Software Engineer
Agent,Agent
Athletics Director,Athletics Director
Campaigner,Campaigner
Agent,Agent
Athletics Director,Athletics Director
Campaigner,Teacher
Data Scientist,Manufacturer
School Principal,School Principal
Campaigner,Campaigner
Manufacturer,Manufacturer
Agent,Teacher
Manufacturer,Manufacturer
School Principal,Teacher
Data Scientist,Teacher
Athletics Director,Athletics Director
Manufacturer,Manufacturer
Agent,Campaigner
Athletics Director,Athletics Director
Manufacturer,Superintendent
School Principal,School Principal
Data Scientist,Software Engineer
Data Scientist,Data Scientist
School Principal,School Principal
Software Engineer,Software Engineer
Data Scientist,Data Scientist
Software Engineer,Software Engineer
School Principal,Athletics Director
Agent,Agent
Data Scientist,Campaigner
Campaigner,Campaigner
Campaigner,Teacher
Software Engineer,Software Engineer
Executive Chef,Executive Chef
Superintendent,Manufacturer
School Principal,Superintendent
Manufacturer,Software Engineer
School Principal,School Principal
Data Scientist,Data Scientist
Manufacturer,Manufacturer
Agent,Software Engineer
Software Engineer,Software Engineer
Manufacturer,Manufacturer
Superintendent,Campaigner
Agent,Software Engineer
Data Scientist,Campaigner
Software Engineer,Data Scientist
Agent,Superintendent
Software Engineer,Software Engineer
Superintendent,Superintendent
Athletics Director,Athletics Director
Software Engineer,Data Scientist
Agent,Athletics Director
Executive Chef,Executive Chef
Data Scientist,Data Scientist
Campaigner,Campaigner
Superintendent,Superintendent
School Principal,Athletics Director
Teacher,School Principal
Campaigner,Campaigner
Manufacturer,Manufacturer
Campaigner,Superintendent
Campaigner,Campaigner
Campaigner,Campaigner
Campaigner,Campaigner
Campaigner,Agent
Athletics Director,Athletics Director
Superintendent,Superintendent
School Principal,School Principal
Superintendent,Manufacturer
Agent,Athletics Director
Superintendent,Campaigner
Manufacturer,Executive Chef
Campaigner,Teacher
Agent,Campaigner
Data Scientist,Manufacturer
Athletics Director,Data Scientist
Agent,Data Scientist
Manufacturer,Teacher
Executive Chef,Manufacturer
Campaigner,Campaigner
Software Engineer,Teacher
Software Engineer,Software Engineer
Agent,Agent
Athletics Director,Superintendent
Manufacturer,Manufacturer
Manufacturer,Manufacturer
Campaigner,Campaigner
Superintendent,School Principal
Superintendent,Superintendent
Campaigner,Teacher
Executive Chef,Campaigner
Executive Chef,Manufacturer
Teacher,Teacher
School Principal,Superintendent
Data Scientist,Data Scientist
Campaigner,Campaigner
Executive Chef,Executive Chef
Athletics Director,Athletics Director
Executive Chef,Executive Chef
Data Scientist,School Principal
Superintendent,School Principal
Superintendent,School Principal
School Principal,School Principal
Executive Chef,Agent
Manufacturer,Teacher
Superintendent,Superintendent
Data Scientist,Data Scientist
Executive Chef,Superintendent
Manufacturer,Manufacturer
Superintendent,School Principal
Executive Chef,Executive Chef
Superintendent,Superintendent
Agent,Executive Chef
School Principal,School Principal
School Principal,Superintendent
School Principal,Teacher
Athletics Director,Campaigner
Athletics Director,Athletics Director
Superintendent,School Principal
Teacher,Data Scientist
Athletics Director,Athletics Director
Superintendent,Superintendent
Athletics Director,Athletics Director
Software Engineer,Data Scientist
School Principal,School Principal
Executive Chef,Executive Chef
Manufacturer,Data Scientist
Campaigner,Data Scientist
Teacher,Superintendent
Data Scientist,Software Engineer
Agent,Software Engineer
Executive Chef,Executive Chef
Campaigner,Agent
Superintendent,Superintendent
Campaigner,Agent
Teacher,School Principal
Manufacturer,Campaigner
Data Scientist,Software Engineer
Teacher,Teacher
Manufacturer,Manufacturer
Agent,Superintendent
Manufacturer,Manufacturer
Teacher,Manufacturer
Superintendent,Superintendent
Superintendent,Campaigner
Data Scientist,Software Engineer
Superintendent,Superintendent
Athletics Director,Manufacturer
Athletics Director,Athletics Director
Data Scientist,Data Scientist
Superintendent,Superintendent
Software Engineer,Software Engineer
Manufacturer,Superintendent
Teacher,Teacher
Software Engineer,Data Scientist
Campaigner,Teacher
Teacher,Software Engineer
Campaigner,Campaigner
Software Engineer,Data Scientist
Agent,Manufacturer
Software Engineer,Teacher
Superintendent,School Principal
Executive Chef,Executive Chef
Manufacturer,Superintendent
Software Engineer,Software Engineer
Executive Chef,Executive Chef
Manufacturer,Manufacturer
Executive Chef,Executive Chef
School Principal,Software Engineer
Manufacturer,Superintendent
Software Engineer,Software Engineer
Software Engineer,Software Engineer
Agent,Agent
Executive Chef,Executive Chef
Software Engineer,Software Engineer
School Principal,School Principal
Agent,Executive Chef
Software Engineer,Software Engineer
Campaigner,Campaigner
Teacher,School Principal
Teacher,Data Scientist
Software Engineer,Software Engineer
Superintendent,Teacher
Software Engineer,Software Engineer
Manufacturer,Data Scientist
Campaigner,Campaigner
Agent,Agent
Agent,Campaigner
Agent,Agent
Manufacturer,Athletics Director
Agent,Athletics Director
Agent,Athletics Director
Athletics Director,Data Scientist
Data Scientist,Campaigner
Manufacturer,Agent
Data Scientist,Data Scientist
Athletics Director,Athletics Director
Manufacturer,Data Scientist
Data Scientist,Data Scientist
Teacher,Teacher
School Principal,School Principal
Campaigner,Campaigner
Data Scientist,Data Scientist
Campaigner,Campaigner
Athletics Director,Athletics Director
School Principal,Athletics Director
Teacher,Campaigner
Teacher,Athletics Director
Superintendent,Superintendent
Data Scientist,Data Scientist
Superintendent,Superintendent
Software Engineer,Software Engineer
Agent,Agent
Superintendent,Superintendent
Campaigner,Campaigner
Agent,Campaigner
Agent,Athletics Director
Superintendent,School Principal
Data Scientist,Data Scientist
Superintendent,School Principal
Data Scientist,Data Scientist
Teacher,Teacher
Manufacturer,Campaigner
School Principal,Athletics Director
Software Engineer,Software Engineer
Athletics Director,Athletics Director
Data Scientist,Campaigner
Agent,Agent
Campaigner,Manufacturer
Software Engineer,Software Engineer
Manufacturer,Manufacturer
Agent,Superintendent
Manufacturer,Data Scientist
Data Scientist,Data Scientist
Manufacturer,Software Engineer
School Principal,Superintendent
Superintendent,School Principal
Teacher,Campaigner
Software Engineer,Software Engineer
Data Scientist,Data Scientist
Campaigner,Campaigner
Data Scientist,Data Scientist
Athletics Director,Manufacturer
Executive Chef,Executive Chef
Superintendent,School Principal
School Principal,Athletics Director
Agent,Campaigner
School Principal,Athletics Director
Athletics Director,Executive Chef
Software Engineer,Software Engineer
Executive Chef,Executive Chef
Manufacturer,Manufacturer
Data Scientist,Teacher
Executive Chef,Executive Chef
Teacher,Agent
Athletics Director,Athletics Director
Data Scientist,Data Scientist
Software Engineer,Software Engineer
Teacher,Campaigner
Manufacturer,Manufacturer
Teacher,Manufacturer
Athletics Director,School Principal
Data Scientist,Data Scientist
Manufacturer,Manufacturer
Campaigner,Software Engineer
Manufacturer,Teacher
Superintendent,Superintendent
School Principal,School Principal
Agent,Software Engineer
Agent,Superintendent
Superintendent,School Principal
Teacher,School Principal
Agent,Athletics Director
Athletics Director,Athletics Director
Superintendent,Superintendent
School Principal,Athletics Director
Data Scientist,Data Scientist
School Principal,Manufacturer
Data Scientist,Data Scientist
Athletics Director,Athletics Director
Agent,Agent
Campaigner,Campaigner
Data Scientist,Data Scientist
Superintendent,Teacher
Superintendent,School Principal
Software Engineer,Software Engineer
School Principal,School Principal
Campaigner,Athletics Director
Agent,Manufacturer
Executive Chef,Executive Chef
Data Scientist,Data Scientist
School Principal,School Principal
School Principal,Superintendent
Superintendent,Teacher
Manufacturer,Manufacturer
Executive Chef,Executive Chef
School Principal,Teacher
Athletics Director,Athletics Director
Executive Chef,Executive Chef
School Principal,Athletics Director
Agent,Campaigner
Data Scientist,Data Scientist
Superintendent,Superintendent
Athletics Director,Athletics Director
Manufacturer,Manufacturer
Agent,Athletics Director
Manufacturer,Software Engineer
School Principal,Teacher
Superintendent,Athletics Director
Athletics Director,Executive Chef
Campaigner,Campaigner
Superintendent,Teacher
Teacher,School Principal
Athletics Director,School Principal
Athletics Director,Athletics Director
Agent,Teacher
Teacher,Software Engineer
Athletics Director,Athletics Director
Teacher,Agent
Software Engineer,Data Scientist
School Principal,Athletics Director
School Principal,School Principal
Athletics Director,Athletics Director
Campaigner,Campaigner
Teacher,Teacher
Teacher,Superintendent
Superintendent,School Principal
Software Engineer,Executive Chef
Athletics Director,Software Engineer
Data Scientist,Campaigner
Manufacturer,Athletics Director
Manufacturer,Manufacturer
Agent,Teacher
Teacher,Superintendent
Executive Chef,Executive Chef
Agent,Software Engineer
Software Engineer,Executive Chef
Data Scientist,Software Engineer
Executive Chef,Executive Chef
School Principal,Agent
Software Engineer,Data Scientist
Athletics Director,Athletics Director
School Principal,Athletics Director
Superintendent,Manufacturer
Executive Chef,Executive Chef
Campaigner,Data Scientist
Manufacturer,Manufacturer
Manufacturer,Manufacturer
Superintendent,Executive Chef
Manufacturer,Manufacturer
Campaigner,Campaigner
Athletics Director,Athletics Director
Executive Chef,Manufacturer
Software Engineer,Data Scientist
Teacher,Teacher
Executive Chef,Executive Chef
Executive Chef,Agent
Software Engineer,Software Engineer
Manufacturer,Manufacturer
Athletics Director,Athletics Director
School Principal,Superintendent
Campaigner,Campaigner
Data Scientist,Agent
Executive Chef,Software Engineer
Manufacturer,Manufacturer
Executive Chef,School Principal
Teacher,Teacher
Data Scientist,Data Scientist
Athletics Director,Athletics Director
School Principal,School Principal
Executive Chef,Executive Chef
Agent,Manufacturer
Data Scientist,Data Scientist
Athletics Director,Athletics Director
Software Engineer,Athletics Director
Agent,Athletics Director
Superintendent,Superintendent
Teacher,Teacher
Software Engineer,Software Engineer
Teacher,Teacher
Superintendent,School Principal
Software Engineer,Software Engineer
School Principal,Superintendent
Software Engineer,Campaigner
Executive Chef,Executive Chef
Teacher,Teacher
Athletics Director,Athletics Director
Athletics Director,Athletics Director
Teacher,Teacher
School Principal,School Principal
Software Engineer,Agent
Manufacturer,Manufacturer
Executive Chef,Manufacturer
Superintendent,Superintendent
Executive Chef,Executive Chef
Campaigner,Campaigner
Agent,Athletics Director
Teacher,School Principal
Manufacturer,Athletics Director
Executive Chef,Executive Chef
Executive Chef,Superintendent
Campaigner,Campaigner
School Principal,School Principal
School Principal,School Principal
Athletics Director,Teacher
Athletics Director,Agent
Teacher,School Principal
Teacher,Campaigner
Manufacturer,Manufacturer
Agent,Agent
Athletics Director,Athletics Director
Athletics Director,Athletics Director
Agent,Teacher
Athletics Director,School Principal
Data Scientist,Manufacturer
School Principal,Superintendent
Data Scientist,Data Scientist
Executive Chef,Executive Chef
Teacher,Software Engineer
Campaigner,Data Scientist
Executive Chef,Superintendent
Athletics Director,Manufacturer
Software Engineer,Agent
Agent,Agent
Superintendent,School Principal
Data Scientist,Data Scientist
Teacher,Teacher
Agent,Campaigner
Executive Chef,Executive Chef
Software Engineer,Teacher
Teacher,Teacher
Software Engineer,Campaigner
School Principal,Data Scientist
Data Scientist,Data Scientist
Campaigner,Data Scientist
Data Scientist,Manufacturer
Campaigner,Campaigner
Athletics Director,Athletics Director
Software Engineer,Software Engineer
Agent,Agent
Teacher,Teacher
Data Scientist,Data Scientist
Software Engineer,Software Engineer
Data Scientist,Data Scientist
Manufacturer,Manufacturer
Teacher,Superintendent
Data Scientist,Software Engineer
Data Scientist,Data Scientist
Data Scientist,Data Scientist
Software Engineer,Teacher
Executive Chef,Agent
Manufacturer,Manufacturer
Executive Chef,Agent
Athletics Director,Athletics Director
Agent,Agent
Superintendent,School Principal
Agent,Agent
Agent,Agent
Software Engineer,Teacher
Software Engineer,Athletics Director
Manufacturer,Manufacturer
Manufacturer,Teacher
Software Engineer,Software Engineer
Athletics Director,Software Engineer
Software Engineer,Data Scientist
Data Scientist,Data Scientist
Athletics Director,Athletics Director
School Principal,Agent
Athletics Director,Software Engineer
Executive Chef,Executive Chef
Superintendent,School Principal
Executive Chef,Athletics Director
Campaigner,Data Scientist
Executive Chef,Executive Chef
School Principal,School Principal
Superintendent,Superintendent
School Principal,Superintendent
Campaigner,Campaigner
Superintendent,Superintendent
Campaigner,Campaigner
Teacher,Software Engineer
Data Scientist,Data Scientist
Teacher,Athletics Director
School Principal,School Principal
Software Engineer,Software Engineer
Teacher,Teacher
Software Engineer,Software Engineer
Teacher,Manufacturer
Teacher,Manufacturer
Athletics Director,Software Engineer
Data Scientist,Campaigner
Agent,Manufacturer
Software Engineer,Campaigner
Executive Chef,Superintendent
Agent,Athletics Director
Athletics Director,Athletics Director
Teacher,Software Engineer
School Principal,School Principal
School Principal,Teacher
Software Engineer,Software Engineer
Manufacturer,School Principal
Executive Chef,Executive Chef
Teacher,Data Scientist
School Principal,School Principal
Campaigner,Agent
Teacher,Superintendent
Software Engineer,Executive Chef
Executive Chef,Executive Chef
School Principal,School Principal
Athletics Director,Athletics Director
School Principal,School Principal
Campaigner,Agent
Executive Chef,Executive Chef
Teacher,Agent
Superintendent,School Principal
Campaigner,Campaigner
Software Engineer,Software Engineer
Data Scientist,Data Scientist
Athletics Director,School Principal
Manufacturer,Manufacturer
Athletics Director,Agent
Manufacturer,Manufacturer
Software Engineer,Data Scientist
Executive Chef,Executive Chef
Athletics Director,Athletics Director
Executive Chef,Executive Chef
Campaigner,Agent
Agent,Manufacturer
School Principal,Superintendent
Data Scientist,Agent
Athletics Director,Athletics Director
Data Scientist,Agent
Teacher,Superintendent
School Principal,Superintendent
School Principal,School Principal
School Principal,School Principal
Data Scientist,Data Scientist
Teacher,Teacher
Campaigner,Executive Chef
School Principal,Teacher
Agent,Agent
Executive Chef,Superintendent
Manufacturer,Manufacturer
School Principal,School Principal
Software Engineer,Campaigner
Data Scientist,Data Scientist
Data Scientist,Manufacturer
Superintendent,Superintendent
Athletics Director,Athletics Director
Campaigner,Software Engineer
Superintendent,Superintendent
Manufacturer,Manufacturer
Athletics Director,Agent
Superintendent,Teacher
Data Scientist,Data Scientist
Agent,Data Scientist
Campaigner,Campaigner
Superintendent,Superintendent
Agent,Campaigner
Campaigner,Campaigner
Software Engineer,Agent
Superintendent,Superintendent
Athletics Director,Athletics Director
Teacher,School Principal
Campaigner,Campaigner
Software Engineer,Athletics Director
School Principal,Teacher
Agent,Campaigner
Software Engineer,Software Engineer
Data Scientist,Data Scientist
Data Scientist,Data Scientist
Campaigner,Campaigner
School Principal,Software Engineer
Athletics Director,Agent
School Principal,School Principal
Agent,Agent
Executive Chef,Executive Chef
Software Engineer,Software Engineer
Agent,Agent
Manufacturer,Manufacturer
Agent,Manufacturer
Campaigner,Campaigner
Superintendent,Superintendent
Campaigner,Campaigner
Campaigner,Campaigner
Teacher,Campaigner
Teacher,Data Scientist
Teacher,Superintendent
Data Scientist,Data Scientist
School Principal,School Principal
School Principal,Teacher
Agent,Campaigner
Data Scientist,Data Scientist
Data Scientist,Manufacturer
Athletics Director,Agent
Teacher,Executive Chef
Executive Chef,Manufacturer
Software Engineer,Data Scientist
Manufacturer,Manufacturer
Manufacturer,Athletics Director
Campaigner,Campaigner
Manufacturer,Manufacturer
Agent,Teacher
Executive Chef,Executive Chef
Athletics Director,Agent
School Principal,Executive Chef
Agent,Athletics Director
Data Scientist,Software Engineer
Superintendent,Campaigner
Agent,Agent
Teacher,Campaigner
Campaigner,Campaigner
Campaigner,Campaigner
Data Scientist,Data Scientist
Teacher,Executive Chef
Executive Chef,Executive Chef
School Principal,School Principal
Manufacturer,Teacher
School Principal,School Principal
Campaigner,Data Scientist
Teacher,Teacher
Data Scientist,Data Scientist
Manufacturer,Superintendent
Athletics Director,School Principal
Data Scientist,Data Scientist
Data Scientist,Campaigner
Software Engineer,Teacher
Agent,Agent
Athletics Director,Agent
Executive Chef,Executive Chef
Executive Chef,Executive Chef
School Principal,School Principal
Manufacturer,Executive Chef
Athletics Director,Athletics Director
Executive Chef,School Principal
Athletics Director,Athletics Director
Superintendent,Superintendent
Executive Chef,Agent
Agent,Data Scientist
Superintendent,Campaigner
Teacher,Software Engineer
Superintendent,Athletics Director
Superintendent,School Principal
Agent,Agent
Software Engineer,Data Scientist
Manufacturer,Software Engineer
Teacher,Software Engineer
Agent,Campaigner
Software Engineer,Data Scientist
Teacher,Software Engineer
Data Scientist,Agent
Teacher,School Principal
Agent,Campaigner
School Principal,Athletics Director
Superintendent,Superintendent
Superintendent,School Principal
Manufacturer,Teacher
Superintendent,Superintendent
Teacher,Executive Chef
Data Scientist,Software Engineer
School Principal,Teacher
Athletics Director,Athletics Director
Campaigner,Campaigner
Athletics Director,Athletics Director
Superintendent,School Principal
Software Engineer,Software Engineer
Superintendent,School Principal
School Principal,School Principal
Executive Chef,Executive Chef
Campaigner,Superintendent
Campaigner,Campaigner
Software Engineer,Teacher
School Principal,Superintendent
Teacher,Superintendent
Teacher,Teacher
Executive Chef,Executive Chef
Executive Chef,Campaigner
Executive Chef,Executive Chef
Athletics Director,Athletics Director
Teacher,Software Engineer
Campaigner,Campaigner
Data Scientist,Data Scientist
Manufacturer,Manufacturer
Executive Chef,Teacher
School Principal,Superintendent
Data Scientist,Data Scientist
Agent,Superintendent
Superintendent,Superintendent
Manufacturer,Manufacturer
Software Engineer,Data Scientist
Executive Chef,Executive Chef
Superintendent,Superintendent
Superintendent,Superintendent
Manufacturer,Manufacturer
Agent,Agent
Executive Chef,Executive Chef
Executive Chef,Executive Chef
Agent,Manufacturer
Superintendent,Superintendent
Teacher,Teacher
Campaigner,Campaigner
School Principal,Data Scientist
Software Engineer,Data Scientist
Executive Chef,Executive Chef
Manufacturer,Superintendent
Agent,Athletics Director
Superintendent,School Principal
Teacher,Manufacturer
Campaigner,Campaigner
Superintendent,School Principal
Software Engineer,Software Engineer
Manufacturer,Manufacturer
Athletics Director,Athletics Director
School Principal,Superintendent
Agent,Data Scientist
Software Engineer,Data Scientist
School Principal,Superintendent
Superintendent,School Principal
Teacher,Data Scientist
Executive Chef,Executive Chef
School Principal,School Principal
Agent,Campaigner
Athletics Director,Agent
Executive Chef,Executive Chef
Teacher,Teacher
Superintendent,School Principal
Superintendent,Superintendent
Campaigner,Superintendent
Manufacturer,Manufacturer
Campaigner,Campaigner
Athletics Director,Executive Chef
Executive Chef,Agent
Executive Chef,Executive Chef
Data Scientist,Data Scientist
School Principal,Teacher
Software Engineer,Campaigner
Superintendent,Superintendent
School Principal,Superintendent
Data Scientist,Data Scientist
Teacher,Agent
Teacher,Software Engineer
Athletics Director,Athletics Director
Software Engineer,Software Engineer
Software Engineer,Executive Chef
Executive Chef,Executive Chef
Teacher,Teacher
Agent,Agent
Teacher,Manufacturer
Agent,Software Engineer
Data Scientist,Software Engineer
Executive Chef,Executive Chef
Athletics Director,Executive Chef
Teacher,Campaigner
Manufacturer,Manufacturer
Executive Chef,Athletics Director
Superintendent,Athletics Director
Executive Chef,Agent
Superintendent,Campaigner
Software Engineer,Athletics Director
Superintendent,School Principal
Athletics Director,Athletics Director
Software Engineer,Software Engineer
Agent,Athletics Director
Software Engineer,Agent
Campaigner,Campaigner
Athletics Director,Executive Chef
Campaigner,Data Scientist
Manufacturer,Manufacturer
Campaigner,Data Scientist
Superintendent,School Principal
Teacher,Teacher
School Principal,School Principal
Data Scientist,Agent
Agent,Agent
Teacher,Teacher
Software Engineer,Athletics Director
Athletics Director,Agent
Executive Chef,Agent
School Principal,Manufacturer
Manufacturer,Manufacturer
Campaigner,Data Scientist
