True class,Predicted class
Campaigner,Campaigner
Software Engineer,Software Engineer
Executive Chef,Executive Chef
Executive Chef,Executive Chef
Executive Chef,Executive Chef
Campaigner,Manufacturer
Executive Chef,Data Scientist
Athletics Director,Athletics Director
School Principal,School Principal
Athletics Director,Athletics Director
Teacher,Teacher
Data Scientist,Data Scientist
Software Engineer,Data Scientist
Data Scientist,Data Scientist
Executive Chef,Executive Chef
Software Engineer,Software Engineer
Agent,Software Engineer
Software Engineer,Software Engineer
Agent,Agent
Superintendent,Superintendent
Agent,Athletics Director
Manufacturer,Data Scientist
Superintendent,Superintendent
Executive Chef,Athletics Director
Teacher,Campaigner
Data Scientist,Data Scientist
Manufacturer,Manufacturer
Superintendent,Superintendent
Data Scientist,Data Scientist
Data Scientist,Campaigner
Manufacturer,Manufacturer
Campaigner,Agent
Agent,Campaigner
School Principal,Manufacturer
Teacher,Manufacturer
Campaigner,Campaigner
Athletics Director,Teacher
Superintendent,Software Engineer
Software Engineer,Software Engineer
Superintendent,Campaigner
Superintendent,Teacher
Executive Chef,Agent
Superintendent,Athletics Director
Superintendent,Superintendent
Teacher,Teacher
Manufacturer,Manufacturer
Data Scientist,Campaigner
Athletics Director,Athletics Director
Campaigner,Agent
Agent,Teacher
Agent,Agent
School Principal,School Principal
Data Scientist,Software Engineer
Athletics Director,Athletics Director
Athletics Director,Athletics Director
Campaigner,Superintendent
Agent,Agent
Superintendent,Superintendent
Athletics Director,School Principal
Campaigner,Campaigner
Executive Chef,Executive Chef
Campaigner,Campaigner
Data Scientist,Data Scientist
Executive Chef,Executive Chef
Data Scientist,Software Engineer
Agent,Agent
Campaigner,Campaigner
School Principal,Teacher
Teacher,School Principal
Software Engineer,Software Engineer
Teacher,Data Scientist
Software Engineer,Software Engineer
Campaigner,Campaigner
Superintendent,School Principal
School Principal,School Principal
Manufacturer,Athletics Director
Campaigner,Campaigner
Data Scientist,Software Engineer
Superintendent,Superintendent
Data Scientist,Data Scientist
Software Engineer,Software Engineer
Superintendent,Software Engineer
Campaigner,Campaigner
Campaigner,Superintendent
Teacher,Executive Chef
Teacher,Software Engineer
Campaigner,Campaigner
Superintendent,Agent
Data Scientist,Data Scientist
Superintendent,Superintendent
Executive Chef,Agent
School Principal,Superintendent
Agent,Agent
School Principal,Superintendent
Agent,Agent
Athletics Director,Athletics Director
Data Scientist,Data Scientist
Athletics Director,Athletics Director
Teacher,Software Engineer
Campaigner,Campaigner
Manufacturer,Superintendent
Executive Chef,Executive Chef
Superintendent,Campaigner
Campaigner,Campaigner
Teacher,School Principal
Superintendent,Superintendent
School Principal,School Principal
Teacher,Teacher
School Principal,School Principal
Executive Chef,Software Engineer
Data Scientist,Software Engineer
Teacher,Teacher
Athletics Director,Athletics Director
School Principal,School Principal
Executive Chef,Teacher
Manufacturer,Teacher
Manufacturer,Manufacturer
School Principal,School Principal
School Principal,Teacher
Athletics Director,Athletics Director
Campaigner,Campaigner
Superintendent,Agent
Software Engineer,Software Engineer
Data Scientist,Manufacturer
Agent,Agent
Data Scientist,Software Engineer
Campaigner,Campaigner
Agent,Athletics Director
Athletics Director,Agent
Data Scientist,Manufacturer
Agent,School Principal
Athletics Director,Athletics Director
Manufacturer,Manufacturer
Superintendent,Superintendent
Teacher,Agent
Athletics Director,Athletics Director
Manufacturer,Manufacturer
School Principal,Athletics Director
Data Scientist,Data Scientist
Executive Chef,Executive Chef
Executive Chef,Executive Chef
Agent,Agent
Campaigner,Campaigner
Software Engineer,Data Scientist
Data Scientist,Data Scientist
Executive Chef,Executive Chef
Manufacturer,Manufacturer
Campaigner,Campaigner
Data Scientist,Data Scientist
Athletics Director,Agent
Agent,Teacher
Manufacturer,Superintendent
Executive Chef,Executive Chef
Superintendent,Superintendent
Campaigner,Campaigner
School Principal,School Principal
Software Engineer,Software Engineer
Executive Chef,Executive Chef
Campaigner,Software Engineer
Athletics Director,Superintendent
Software Engineer,Data Scientist
Data Scientist,School Principal
Software Engineer,Software Engineer
School Principal,School Principal
Agent,Agent
Athletics Director,Manufacturer
School Principal,Teacher
Campaigner,Data Scientist
Executive Chef,Software Engineer
Software Engineer,Manufacturer
Superintendent,Superintendent
Software Engineer,Agent
Athletics Director,Athletics Director
Executive Chef,Teacher
Data Scientist,Software Engineer
Manufacturer,Manufacturer
Agent,Agent
Manufacturer,Manufacturer
School Principal,Agent
Executive Chef,Athletics Director
Superintendent,School Principal
Campaigner,Superintendent
Agent,Superintendent
Executive Chef,Agent
Data Scientist,Data Scientist
Superintendent,Teacher
Superintendent,Superintendent
Teacher,Teacher
Superintendent,Manufacturer
Teacher,Manufacturer
Manufacturer,Manufacturer
Athletics Director,Athletics Director
Teacher,School Principal
Campaigner,Campaigner
School Principal,Superintendent
School Principal,Athletics Director
Data Scientist,Superintendent
Superintendent,Athletics Director
Teacher,Teacher
Teacher,Teacher
Agent,Executive Chef
School Principal,Data Scientist
Data Scientist,Data Scientist
Manufacturer,Manufacturer
Data Scientist,Data Scientist
Data Scientist,Data Scientist
Software Engineer,Teacher
School Principal,School Principal
Superintendent,Superintendent
Data Scientist,Data Scientist
Campaigner,Teacher
Data Scientist,Software Engineer
School Principal,Superintendent
Data Scientist,Software Engineer
Athletics Director,Athletics Director
Executive Chef,Agent
Executive Chef,Executive Chef
Athletics Director,Athletics Director
Superintendent,Superintendent
Software Engineer,Software Engineer
School Principal,School Principal
Superintendent,Data Scientist
Campaigner,Agent
Superintendent,Athletics Director
Teacher,Software Engineer
Teacher,Teacher
Data Scientist,Data Scientist
Teacher,Teacher
Superintendent,Superintendent
Agent,Superintendent
Software Engineer,Software Engineer
Manufacturer,Superintendent
Superintendent,Manufacturer
Campaigner,Executive Chef
Teacher,Manufacturer
Teacher,Campaigner
Software Engineer,Software Engineer
Manufacturer,Manufacturer
Executive Chef,Superintendent
Manufacturer,Manufacturer
Executive Chef,Executive Chef
Software Engineer,Software Engineer
Superintendent,Superintendent
Campaigner,Campaigner
Software Engineer,Software Engineer
Manufacturer,Athletics Director
Software Engineer,Software Engineer
Data Scientist,Data Scientist
Teacher,Teacher
Athletics Director,Athletics Director
Teacher,Teacher
Software Engineer,Software Engineer
Teacher,Campaigner
Athletics Director,Athletics Director
School Principal,Software Engineer
School Principal,Superintendent
Teacher,Agent
Executive Chef,Executive Chef
Teacher,Data Scientist
Superintendent,Superintendent
Superintendent,Manufacturer
School Principal,Superintendent
Software Engineer,Data Scientist
Athletics Director,Athletics Director
Manufacturer,Manufacturer
Campaigner,Agent
Superintendent,Superintendent
Data Scientist,Software Engineer
Athletics Director,Athletics Director
School Principal,Athletics Director
Athletics Director,Athletics Director
Agent,Software Engineer
Teacher,Manufacturer
Agent,Teacher
Data Scientist,Data Scientist
Software Engineer,Software Engineer
Executive Chef,Executive Chef
Superintendent,School Principal
Manufacturer,Manufacturer
Executive Chef,Executive Chef
Athletics Director,Manufacturer
Data Scientist,Data Scientist
Software Engineer,Software Engineer
Agent,Software Engineer
Manufacturer,Data Scientist
Software Engineer,Software Engineer
Software Engineer,Software Engineer
School Principal,Teacher
Manufacturer,Manufacturer
Athletics Director,Athletics Director
Teacher,Superintendent
Software Engineer,Data Scientist
Teacher,School Principal
Manufacturer,Manufacturer
School Principal,Agent
Campaigner,Campaigner
Manufacturer,Manufacturer
Campaigner,Campaigner
Software Engineer,Software Engineer
Athletics Director,Manufacturer
Agent,Athletics Director
Athletics Director,School Principal
Data Scientist,Data Scientist
Superintendent,School Principal
Data Scientist,Data Scientist
Teacher,Teacher
Campaigner,Superintendent
Manufacturer,Superintendent
Teacher,Data Scientist
Executive Chef,Executive Chef
Teacher,Teacher
Campaigner,Software Engineer
Teacher,Teacher
Manufacturer,Manufacturer
Teacher,School Principal
Software Engineer,Software Engineer
Athletics Director,Executive Chef
Executive Chef,Executive Chef
Software Engineer,Software Engineer
Superintendent,Superintendent
Software Engineer,Software Engineer
Data Scientist,Data Scientist
Athletics Director,Athletics Director
Superintendent,School Principal
Superintendent,School Principal
Teacher,Executive Chef
Software Engineer,Software Engineer
Teacher,Manufacturer
Agent,Software Engineer
Software Engineer,Manufacturer
Campaigner,Campaigner
Manufacturer,Manufacturer
Athletics Director,Teacher
Campaigner,Campaigner
Teacher,Agent
Data Scientist,Software Engineer
Executive Chef,Executive Chef
Manufacturer,Manufacturer
Athletics Director,Athletics Director
Agent,Agent
Campaigner,Campaigner
Superintendent,Superintendent
Data Scientist,Software Engineer
Superintendent,Superintendent
Data Scientist,Data Scientist
Superintendent,Superintendent
Manufacturer,Manufacturer
Software Engineer,Campaigner
Teacher,Agent
Executive Chef,Executive Chef
Data Scientist,Software Engineer
Superintendent,School Principal
Executive Chef,Executive Chef
Athletics Director,Athletics Director
Software Engineer,Teacher
Executive Chef,Athletics Director
Software Engineer,Software Engineer
Executive Chef,School Principal
Executive Chef,Executive Chef
Data Scientist,Software Engineer
Athletics Director,Athletics Director
Agent,Campaigner
Agent,Agent
Athletics Director,Software Engineer
Campaigner,Campaigner
School Principal,Superintendent
Athletics Director,Athletics Director
Superintendent,Superintendent
Software Engineer,Agent
Software Engineer,Agent
Manufacturer,Campaigner
Agent,Athletics Director
Software Engineer,Superintendent
Manufacturer,Manufacturer
Executive Chef,Executive Chef
Campaigner,Campaigner
Campaigner,Campaigner
Athletics Director,Athletics Director
Data Scientist,Data Scientist
Data Scientist,Data Scientist
Superintendent,Campaigner
Athletics Director,Athletics Director
Superintendent,Superintendent
School Principal,School Principal
Executive Chef,Executive Chef
Campaigner,Agent
Executive Chef,Executive Chef
Software Engineer,Software Engineer
Teacher,Teacher
School Principal,School Principal
Data Scientist,Software Engineer
Agent,Athletics Director
Superintendent,School Principal
School Principal,Superintendent
Agent,Manufacturer
Data Scientist,Data Scientist
Software Engineer,Data Scientist
Executive Chef,Executive Chef
Data Scientist,Data Scientist
Agent,Agent
Teacher,Teacher
Software Engineer,Data Scientist
Software Engineer,Athletics Director
Executive Chef,Manufacturer
Superintendent,School Principal
School Principal,Superintendent
Athletics Director,Athletics Director
Data Scientist,Campaigner
Superintendent,Teacher
Executive Chef,Agent
Agent,Agent
Teacher,Teacher
Manufacturer,Manufacturer
Executive Chef,Executive Chef
School Principal,School Principal
Executive Chef,Executive Chef
School Principal,Teacher
Agent,Agent
School Principal,Superintendent
Campaigner,Software Engineer
Athletics Director,Athletics Director
Athletics Director,Executive Chef
School Principal,Superintendent
Executive Chef,Executive Chef
Executive Chef,Executive Chef
Superintendent,Superintendent
Executive Chef,Manufacturer
Agent,Teacher
Executive Chef,Executive Chef
Software Engineer,Software Engineer
Data Scientist,Campaigner
School Principal,Superintendent
Teacher,School Principal
Manufacturer,Manufacturer
Executive Chef,Executive Chef
School Principal,Superintendent
Superintendent,Superintendent
Software Engineer,Software Engineer
Manufacturer,Teacher
Software Engineer,Agent
Teacher,Agent
School Principal,Superintendent
Manufacturer,Manufacturer
Manufacturer,Manufacturer
Teacher,Teacher
Athletics Director,Athletics Director
Manufacturer,Manufacturer
Athletics Director,Athletics Director
Teacher,Campaigner
School Principal,School Principal
Data Scientist,Software Engineer
Agent,Campaigner
Software Engineer,Teacher
Manufacturer,Manufacturer
Athletics Director,Agent
Software Engineer,Software Engineer
Superintendent,Superintendent
Agent,Teacher
School Principal,School Principal
Superintendent,Manufacturer
Software Engineer,Software Engineer
Agent,Software Engineer
Athletics Director,Athletics Director
Agent,Athletics Director
Athletics Director,Agent
Teacher,School Principal
Teacher,Teacher
Executive Chef,Executive Chef
Campaigner,Campaigner
School Principal,School Principal
Data Scientist,Agent
Athletics Director,Athletics Director
Manufacturer,Manufacturer
Executive Chef,Manufacturer
Athletics Director,Athletics Director
Teacher,Superintendent
Manufacturer,Manufacturer
Athletics Director,Athletics Director
Campaigner,Superintendent
Agent,Campaigner
Data Scientist,Data Scientist
Teacher,Agent
Superintendent,Superintendent
Executive Chef,Executive Chef
Software Engineer,Software Engineer
Manufacturer,Manufacturer
School Principal,Athletics Director
Software Engineer,Software Engineer
Manufacturer,Manufacturer
Campaigner,Data Scientist
Campaigner,Data Scientist
Athletics Director,Athletics Director
Agent,Agent
Executive Chef,Executive Chef
Agent,Superintendent
Superintendent,School Principal
Teacher,Teacher
School Principal,Agent
Superintendent,Superintendent
Teacher,Executive Chef
Teacher,Agent
Executive Chef,Data Scientist
School Principal,Superintendent
Campaigner,Manufacturer
Superintendent,Superintendent
Athletics Director,Athletics Director
School Principal,School Principal
Data Scientist,Software Engineer
Athletics Director,Athletics Director
Campaigner,Campaigner
Superintendent,School Principal
Campaigner,Manufacturer
Data Scientist,School Principal
Data Scientist,Software Engineer
Campaigner,Campaigner
Campaigner,Campaigner
Data Scientist,Data Scientist
Executive Chef,Executive Chef
Manufacturer,Manufacturer
Software Engineer,Data Scientist
Executive Chef,Executive Chef
Teacher,Teacher
Agent,Athletics Director
Teacher,Manufacturer
Executive Chef,Software Engineer
Teacher,Teacher
Superintendent,School Principal
Data Scientist,Data Scientist
School Principal,School Principal
Superintendent,Agent
Agent,Superintendent
Manufacturer,Manufacturer
Software Engineer,Teacher
Data Scientist,Data Scientist
Teacher,Data Scientist
Software Engineer,Software Engineer
Campaigner,Teacher
Manufacturer,Data Scientist
Executive Chef,Executive Chef
Data Scientist,Data Scientist
Data Scientist,Data Scientist
Agent,Campaigner
Agent,Manufacturer
Data Scientist,Data Scientist
Superintendent,Superintendent
Athletics Director,Athletics Director
Teacher,Superintendent
School Principal,Agent
Athletics Director,Athletics Director
Executive Chef,Agent
Agent,Agent
Teacher,Agent
Software Engineer,Data Scientist
Campaigner,Campaigner
Manufacturer,Manufacturer
Teacher,Data Scientist
Athletics Director,Athletics Director
Software Engineer,Data Scientist
Campaigner,Campaigner
School Principal,Superintendent
Agent,Campaigner
Agent,Athletics Director
School Principal,Data Scientist
Athletics Director,Athletics Director
School Principal,School Principal
Superintendent,Campaigner
Athletics Director,Manufacturer
Manufacturer,Agent
Campaigner,Campaigner
Superintendent,Manufacturer
Superintendent,Athletics Director
Executive Chef,Executive Chef
Executive Chef,Executive Chef
Manufacturer,Manufacturer
Athletics Director,Athletics Director
Executive Chef,Agent
Manufacturer,Manufacturer
Manufacturer,Superintendent
Campaigner,Manufacturer
Software Engineer,Software Engineer
Executive Chef,Executive Chef
Superintendent,Campaigner
School Principal,Superintendent
School Principal,Athletics Director
School Principal,School Principal
Agent,Agent
School Principal,Superintendent
Manufacturer,Campaigner
School Principal,School Principal
Athletics Director,Athletics Director
Executive Chef,Executive Chef
Superintendent,Superintendent
Software Engineer,Software Engineer
Software Engineer,Software Engineer
School Principal,Superintendent
Campaigner,Campaigner
Campaigner,School Principal
Manufacturer,Manufacturer
Manufacturer,Manufacturer
Manufacturer,Manufacturer
Teacher,Teacher
Superintendent,School Principal
Superintendent,Teacher
Executive Chef,Executive Chef
Agent,Manufacturer
School Principal,Superintendent
Executive Chef,Manufacturer
Manufacturer,Superintendent
Agent,Agent
Executive Chef,Executive Chef
Data Scientist,Manufacturer
Software Engineer,Software Engineer
Software Engineer,Software Engineer
Agent,Agent
School Principal,School Principal
Manufacturer,Superintendent
Manufacturer,Manufacturer
Agent,Agent
Campaigner,Campaigner
Agent,Agent
Software Engineer,Software Engineer
School Principal,School Principal
Agent,Agent
School Principal,Superintendent
Teacher,Teacher
Agent,Campaigner
Superintendent,School Principal
Manufacturer,Manufacturer
Athletics Director,Campaigner
Campaigner,Campaigner
Data Scientist,Software Engineer
Agent,Manufacturer
Agent,Agent
Athletics Director,Athletics Director
Teacher,Teacher
Software Engineer,Software Engineer
Teacher,Superintendent
Athletics Director,Athletics Director
Agent,Software Engineer
School Principal,Athletics Director
Software Engineer,Data Scientist
Data Scientist,Manufacturer
Software Engineer,Superintendent
Teacher,Manufacturer
Teacher,Campaigner
Superintendent,Superintendent
Athletics Director,Athletics Director
Software Engineer,Software Engineer
Data Scientist,Data Scientist
Superintendent,Superintendent
Software Engineer,Manufacturer
Manufacturer,Executive Chef
Teacher,Campaigner
Superintendent,School Principal
Agent,Campaigner
Executive Chef,Executive Chef
Teacher,Teacher
School Principal,Athletics Director
Teacher,Executive Chef
School Principal,Agent
Executive Chef,Athletics Director
Athletics Director,Athletics Director
Athletics Director,Athletics Director
Agent,Athletics Director
Superintendent,School Principal
School Principal,Superintendent
Athletics Director,Athletics Director
Athletics Director,Agent
Executive Chef,Executive Chef
Athletics Director,Athletics Director
Campaigner,Campaigner
Agent,Agent
School Principal,School Principal
Superintendent,School Principal
Data Scientist,Agent
Executive Chef,Executive Chef
Teacher,Campaigner
Executive Chef,Manufacturer
Teacher,Teacher
Executive Chef,Athletics Director
Athletics Director,Athletics Director
Campaigner,Superintendent
Data Scientist,Data Scientist
Manufacturer,Software Engineer
Campaigner,Campaigner
Data Scientist,Data Scientist
Athletics Director,Athletics Director
School Principal,Superintendent
Agent,Agent
Data Scientist,Data Scientist
Agent,Agent
Superintendent,School Principal
Software Engineer,Superintendent
Executive Chef,Executive Chef
Manufacturer,Executive Chef
Data Scientist,Campaigner
Executive Chef,Manufacturer
Teacher,Software Engineer
Agent,Agent
Campaigner,Campaigner
Data Scientist,Athletics Director
Manufacturer,Manufacturer
Athletics Director,Athletics Director
Campaigner,Agent
Superintendent,Superintendent
Executive Chef,Executive Chef
Software Engineer,Athletics Director
Software Engineer,Agent
Athletics Director,Athletics Director
Agent,Superintendent
Agent,Executive Chef
Teacher,School Principal
Superintendent,Superintendent
Manufacturer,Manufacturer
Superintendent,Superintendent
Teacher,Software Engineer
Campaigner,Campaigner
Athletics Director,Athletics Director
School Principal,School Principal
Data Scientist,Data Scientist
Executive Chef,Executive Chef
Teacher,Campaigner
Campaigner,Campaigner
Campaigner,Data Scientist
Athletics Director,Athletics Director
Campaigner,Agent
Manufacturer,Superintendent
Software Engineer,Data Scientist
Manufacturer,Manufacturer
Campaigner,Data Scientist
Superintendent,School Principal
Campaigner,Data Scientist
Teacher,Campaigner
Manufacturer,Manufacturer
Executive Chef,Executive Chef
Manufacturer,Teacher
Manufacturer,Data Scientist
Data Scientist,Manufacturer
Superintendent,Superintendent
Superintendent,School Principal
Agent,Executive Chef
School Principal,Superintendent
Executive Chef,Executive Chef
Campaigner,Superintendent
Agent,Agent
Athletics Director,Athletics Director
Software Engineer,Software Engineer
Software Engineer,Agent
Superintendent,School Principal
Agent,School Principal
Campaigner,Campaigner
Data Scientist,Software Engineer
Manufacturer,Manufacturer
Campaigner,Campaigner
Manufacturer,Manufacturer
Teacher,Teacher
Teacher,Teacher
Data Scientist,Software Engineer
Agent,Campaigner
Data Scientist,Data Scientist
Superintendent,Manufacturer
Software Engineer,Software Engineer
Superintendent,Superintendent
Manufacturer,Manufacturer
Superintendent,School Principal
School Principal,Manufacturer
Teacher,Software Engineer
Manufacturer,Executive Chef
Campaigner,Campaigner
Executive Chef,Executive Chef
Executive Chef,Executive Chef
Data Scientist,Data Scientist
Superintendent,School Principal
Superintendent,School Principal
Teacher,Campaigner
Agent,Software Engineer
Software Engineer,Software Engineer
Software Engineer,Software Engineer
Data Scientist,Data Scientist
Superintendent,School Principal
Software Engineer,Software Engineer
Manufacturer,Manufacturer
Data Scientist,Software Engineer
Agent,Data Scientist
Manufacturer,Manufacturer
Manufacturer,Manufacturer
School Principal,School Principal
Agent,Athletics Director
Manufacturer,School Principal
School Principal,Superintendent
Agent,Manufacturer
Manufacturer,Manufacturer
Athletics Director,Athletics Director
Agent,Agent
Campaigner,Campaigner
Athletics Director,Athletics Director
Teacher,Teacher
Campaigner,Campaigner
Agent,Agent
Campaigner,School Principal
School Principal,Athletics Director
Executive Chef,Agent
Campaigner,Software Engineer
Campaigner,Campaigner
Data Scientist,Campaigner
Campaigner,Data Scientist
Athletics Director,Agent
Teacher,Superintendent
Campaigner,Agent
Manufacturer,Manufacturer
Teacher,Athletics Director
Superintendent,Superintendent
Executive Chef,Executive Chef
Teacher,Agent
School Principal,Superintendent
Athletics Director,Athletics Director
Software Engineer,Software Engineer
Data Scientist,Data Scientist
School Principal,School Principal
School Principal,School Principal
Campaigner,Campaigner
Athletics Director,Athletics Director
School Principal,Superintendent
Agent,Manufacturer
Campaigner,Teacher
Executive Chef,Agent
Agent,Agent
Manufacturer,Manufacturer
Campaigner,Campaigner
Software Engineer,Software Engineer
Manufacturer,Manufacturer
Software Engineer,Software Engineer
Athletics Director,Athletics Director
School Principal,Software Engineer
Superintendent,Teacher
Campaigner,Teacher
Manufacturer,Manufacturer
Athletics Director,Athletics Director
Data Scientist,Data Scientist
Teacher,Campaigner
Superintendent,School Principal
Executive Chef,Executive Chef
Software Engineer,Software Engineer
Software Engineer,Software Engineer
Teacher,Software Engineer
School Principal,Software Engineer
Agent,Agent
Athletics Director,Athletics Director
Campaigner,Data Scientist
Executive Chef,Executive Chef
Data Scientist,Data Scientist
Athletics Director,Athletics Director
Data Scientist,Software Engineer
Athletics Director,Athletics Director
Software Engineer,Software Engineer
Data Scientist,Data Scientist
Executive Chef,Superintendent
School Principal,Athletics Director
School Principal,School Principal
Software Engineer,Athletics Director
Manufacturer,Manufacturer
School Principal,Manufacturer
Manufacturer,Data Scientist
Agent,Athletics Director
Software Engineer,Campaigner
Teacher,Teacher
School Principal,Teacher
Campaigner,Campaigner
Data Scientist,Agent
Athletics Director,Athletics Director
School Principal,Superintendent
Teacher,Superintendent
Executive Chef,Superintendent
Athletics Director,Athletics Director
Software Engineer,Data Scientist
Data Scientist,Software Engineer
Athletics Director,Athletics Director
Manufacturer,Data Scientist
Manufacturer,Manufacturer
School Principal,Athletics Director
Teacher,Teacher
Agent,Agent
Software Engineer,Software Engineer
Athletics Director,Manufacturer
Data Scientist,Campaigner
Manufacturer,Manufacturer
Superintendent,Teacher
Software Engineer,Software Engineer
Manufacturer,Manufacturer
Agent,Agent
Data Scientist,Data Scientist
Campaigner,Campaigner
Data Scientist,Teacher
Athletics Director,Athletics Director
Teacher,Superintendent
Agent,Athletics Director
Manufacturer,Athletics Director
Manufacturer,Manufacturer
Software Engineer,School Principal
Manufacturer,Executive Chef
School Principal,Manufacturer
Agent,School Principal
Executive Chef,Executive Chef
Campaigner,Campaigner
Campaigner,Campaigner
Superintendent,Campaigner
Software Engineer,Software Engineer
Athletics Director,Athletics Director
Agent,Athletics Director
Campaigner,Campaigner
Executive Chef,Executive Chef
Data Scientist,Agent
School Principal,Data Scientist
Manufacturer,Manufacturer
Manufacturer,Executive Chef
Superintendent,Athletics Director
Agent,Superintendent
Data Scientist,Data Scientist
Software Engineer,Data Scientist
School Principal,School Principal
Campaigner,Executive Chef
Agent,Agent
Teacher,Teacher
Athletics Director,Executive Chef
Campaigner,Agent
Executive Chef,Superintendent
Agent,Agent
Executive Chef,Executive Chef
Manufacturer,Manufacturer
Teacher,Teacher
Agent,Teacher
Campaigner,Campaigner
School Principal,Manufacturer
Teacher,Teacher
Data Scientist,Data Scientist
Agent,Manufacturer
School Principal,School Principal
Teacher,School Principal
Agent,Agent
Software Engineer,Software Engineer
Agent,Agent
Software Engineer,Software Engineer
Athletics Director,Data Scientist
Data Scientist,Data Scientist
Executive Chef,Executive Chef
Agent,Software Engineer
School Principal,Manufacturer
School Principal,School Principal
School Principal,School Principal
Executive Chef,Executive Chef
